{
    "PCT_FEMALE": {
        "JENK_BREAKS": [0.48, 0.49, 0.5, 0.509, 0.517, 0.528],
        "QUAN_BREAKS": [0.48, 0.502, 0.505, 0.51, 0.513],
        "MIN": 0.48,
        "MAX": 0.528,
        "MEAN": 0.5073076923,
        "NAME": "Percent Female"
    },
    "PCT_MALE": {
        "JENK_BREAKS": [0.472, 0.479, 0.49, 0.498, 0.505, 0.52],
        "QUAN_BREAKS": [0.472, 0.487, 0.49, 0.495, 0.498],
        "MIN": 0.472,
        "MAX": 0.52,
        "MEAN": 0.4926923077,
        "NAME": "Percent Male"
    },
    "PCT_WHITE": {
        "JENK_BREAKS": [0.247, 0.385, 0.626, 0.73, 0.843, 0.953],
        "QUAN_BREAKS": [0.247, 0.67, 0.738, 0.817, 0.862],
        "MIN": 0.247,
        "MAX": 0.953,
        "MEAN": 0.7598846154,
        "NAME": "Percent White"
    },
    "PCT_BLACK": {
        "JENK_BREAKS": [0.004, 0.052, 0.124, 0.215, 0.37, 0.507],
        "QUAN_BREAKS": [0.004, 0.019, 0.058, 0.113, 0.166],
        "MIN": 0.004,
        "MAX": 0.507,
        "MEAN": 0.1114615385,
        "NAME": "Percent Black"
    },

    "PCT_JEW_AD": {
        "JENK_BREAKS": [0, 0.005, 0.011, 0.019, 0.041, 0.055],
        "QUAN_BREAKS": [0.0, 0.003, 0.006, 0.009, 0.017],
        "MIN": 0.001,
        "MAX": 0.055,
        "MEAN": 0.0112692308,
        "NAME": "Percent Jewish Adults"
    },
    "PCT_JEW_TO": {
        "JENK_BREAKS": [0, 0.009, 0.018, 0.032, 0.051, 0.084],
        "QUAN_BREAKS": [0.0, 0.005, 0.008, 0.015, 0.027],
        "MIN": 0.002,
        "MAX": 0.084,
        "MEAN": 0.0179615385,
        "NAME": "Percent Jewish Total"
    },
    "NUMPOINTS": {
        "JENK_BREAKS": [0, 14, 31, 79, 135, 211],
        "QUAN_BREAKS": [0, 4, 7, 17, 30],
        "MIN": 0,
        "MAX": 211,
        "MEAN": 25.5961538462,
        "NAME": "Reported Incidents"
    },
    "NORM_NUM": {
        "JENK_BREAKS": [0, 0.297, 0.665, 1.147, 1.833, 2.659],
        "QUAN_BREAKS": [0.0, 0.14, 0.231, 0.377, 0.653],
        "MIN": 0.0,
        "MAX": 2.659,
        "MEAN": 0.4498846154,
        "NAME": "Reported Incidents per 100,000"
    },
    "NORM_16": {
        "JENK_BREAKS": [0, 0.189, 0.401, 0.607, 1.011, 3.49],
        "QUAN_BREAKS": [0.0, 0.158, 0.244, 0.312, 0.454],
        "MIN": 0.0,
        "MAX": 3.49,
        "MEAN": 0.3705,
        "NAME": "Hate Groups 2016 per 100,000"
    },
    "NORM_17": {
        "JENK_BREAKS": [0, 0.177, 0.351, 0.583, 0.86, 4.321],
        "QUAN_BREAKS": [0.0, 0.193, 0.268, 0.325, 0.463],
        "MIN": 0.0,
        "MAX": 4.321,
        "MEAN": 0.3955192308,
        "NAME": "Hate Groups 2017 per 100,000"
    },
    "NORM_18": {
        "JENK_BREAKS": [0, 0.098, 0.326, 0.567, 0.86, 4.487],
        "QUAN_BREAKS": [0.0, 0.207, 0.286, 0.374, 0.444],
        "MIN": 0.0,
        "MAX": 4.487,
        "MEAN": 0.4116923077,
        "NAME": "Hate Groups 2018 per 100,000"
    },
    "NORM_19": {
        "JENK_BREAKS": [0, 0.105, 0.283, 0.404, 0.606, 3.158],
        "QUAN_BREAKS": [0.0, 0.206, 0.268, 0.334, 0.402],
        "MIN": 0.0,
        "MAX": 3.158,
        "MEAN": 0.3471923077,
        "NAME": "Hate Groups 2019 per 100,000"
    },
    "NORM_20": {
        "JENK_BREAKS": [0, 0.098, 0.229, 0.362, 0.606, 3.158],
        "QUAN_BREAKS": [0.0, 0.162, 0.215, 0.302, 0.411],
        "MIN": 0.0,
        "MAX": 3.158,
        "MEAN": 0.3215961538,
        "NAME": "Hate Groups 2020 per 100,000"
    },
    "NORM_21": {
        "JENK_BREAKS": [0, 0.072, 0.25, 0.368, 0.493, 2.825],
        "QUAN_BREAKS": [0.0, 0.175, 0.224, 0.285, 0.353],
        "MIN": 0.0,
        "MAX": 2.825,
        "MEAN": 0.3028269231,
        "NAME": "Hate Groups 2021 per 100,000"
    }
}